Workbook

Sheet base cruda noviembre
A1: rule_name | B1: Cant_Sesiones
A2: CXF01CUX04 P3 CATs | B2: 1995
A3: CXF01CUX04 Muy difícil CATs | B3: 198
A4: CXF01CUX03 P2 Pushes | B4: 78
A5: CXF01CUX00 Cierre Sin Sugerencia | B5: 26833
A6: CXF01CUX02 P3 Estáticos | B6: 10649
A7: CXF01CUX02 P4 Estáticos | B7: 9121
A8: CXF01CUX02 No sé Estáticos | B8: 1146
A9: CXF01CUX02 No Estáticos | B9: 8597
A10: CXF01CUX03 Muy conforme Pushes | B10: 18
A11: CXF01CUX03 P3 Pushes | B11: 35
A12: CXF01CUX04 Conforme CATs | B12: 315
A13: CXF01CUX02 Sí Estáticos | B13: 7475
... A61: CXF01CUX01 P2 Integraciones | B61: 25985

Sheet Efectividad 2025
A1: noviembre mensuales
A2: Integraciones
A3: CXF01CUX01 No Integraciones | B3: =VLOOKUP(A3, 'base cruda noviembre'!A:B,2,0) -> 8606
A4: CXF01CUX01 Sí Integraciones | B4: =VLOOKUP(A4, 'base cruda noviembre'!A:B,2,0) -> 17380
A5: Estáticos
A6: CXF01CUX02 No Estáticos | B6: =VLOOKUP(A6, 'base cruda noviembre'!A:B,2,0) -> 8597
A7: CXF01CUX02 Sí Estáticos | B7: =VLOOKUP(A7, 'base cruda noviembre'!A:B,2,0) -> 7475
A8: Pushes
A9: CXF01CUX03 No Pushes | B9: =VLOOKUP(A9, 'base cruda noviembre'!A:B,2,0) -> 18
A10: CXF01CUX03 Sí Pushes | B10: =VLOOKUP(A10, 'base cruda noviembre'!A:B,2,0) -> 62
A12: Respuestas | C12: Efectividad
A13: Positivas | B13: =SUM(B4,B7,B10) -> 24917 | C13: =(B13/B15) -> 0.591319
A14: Negativo | B14: =SUM(B3,B6,B9) -> 17221 | C14: =(B14/B15) -> 0.408681
B15: =SUM(B13:B14) -> 42138

Sheet esfuerzo CES
A1: noviembre mensuales
A2: Respuesta | B2: Valores CES | C2: Total | D2: Ponderado
A3: Muy difícil | B3: 5 | C3: =SUM(B17,B22) -> 5145 | D3: =(B3*C3) -> 25725
A4: Difícil | B4: 4 | C4: =SUM(B14,B19) -> 2313 | D4: =(B4*C4) -> 9252
A5: Más o menos | B5: 3 | C5: =SUM(B16,B21) -> 3919 | D5: =(B5*C5) -> 11757
A6: Fácil | B6: 2 | C6: =SUM(B20,B15) -> 5506 | D6: =(B6*C6) -> 11012
A7: Muy fácil | B7: 1 | C7: =SUM(B18,B23) -> 12111 | D7: =(B7*C7) -> 12111
A8: Totales: | C8: =SUM(C3:C7) -> 28994 | D8: =SUM(D3:D7) -> 69857
A9: CES | C9: =D8/C8 -> 2.4093606
A14: CXF01CUX01 Difícil Integraciones | B14: =VLOOKUP(A14, 'base cruda noviembre'!A:B,2,0) -> 1062
A15: CXF01CUX01 Fácil Integraciones | B15: =VLOOKUP(A15, 'base cruda noviembre'!A:B,2,0) -> 3609
A16: CXF01CUX01 Más o menos Integraciones | B16: =VLOOKUP(A16, 'base cruda noviembre'!A:B,2,0) -> 2116
A17: CXF01CUX01 Muy difícil Integraciones | B17: =VLOOKUP(A17, 'base cruda noviembre'!A:B,2,0) -> 2197
A18: CXF01CUX01 Muy fácil Integraciones | B18: =VLOOKUP(A18, 'base cruda noviembre'!A:B,2,0) -> 9359
A19: CXF01CUX02 Difícil Estáticos | B19: =VLOOKUP(A19, 'base cruda noviembre'!A:B,2,0) -> 1251
A20: CXF01CUX02 Fácil Estáticos | B20: =VLOOKUP(A20, 'base cruda noviembre'!A:B,2,0) -> 1897
A21: CXF01CUX02 Más o menos Estáticos | B21: =VLOOKUP(A21, 'base cruda noviembre'!A:B,2,0) -> 1803
A22: CXF01CUX02 Muy difícil Estáticos | B22: =VLOOKUP(A22, 'base cruda noviembre'!A:B,2,0) -> 2948
A23: CXF01CUX02 Muy fácil Estáticos | B23: =VLOOKUP(A23, 'base cruda noviembre'!A:B,2,0) -> 2752

Sheet CSAT 2025
A1: noviembre 01/10 al 20/10 oct
A2: rule_name | B2: sesiones
A3: CXF01CUX01 Conforme Integraciones | B3: =VLOOKUP(A3, 'base cruda noviembre'!A:B,2,0) -> 3473
A4: CXF01CUX01 Inconforme Integraciones | B4: =VLOOKUP(A4, 'base cruda noviembre'!A:B,2,0) -> 1245
A5: CXF01CUX01 Muy conforme Integraciones | B5: =VLOOKUP(A5, 'base cruda noviembre'!A:B,2,0) -> 8076
A6: CXF01CUX01 Muy inconforme Integraciones | B6: =VLOOKUP(A6, 'base cruda noviembre'!A:B,2,0) -> 1799
A7: CXF01CUX01 No sé Integraciones | B7: =VLOOKUP(A7, 'base cruda noviembre'!A:B,2,0) -> 1262
A8: CXF01CUX02 Conforme Estáticos | B8: =VLOOKUP(A8, 'base cruda noviembre'!A:B,2,0) -> 2032
A9: CXF01CUX02 Inconforme Estáticos | B9: =VLOOKUP(A9, 'base cruda noviembre'!A:B,2,0) -> 1153
A10: CXF01CUX02 Muy conforme Estáticos | B10: =VLOOKUP(A10, 'base cruda noviembre'!A:B,2,0) -> 2812
A11: CXF01CUX02 Muy inconforme Estáticos | B11: =VLOOKUP(A11, 'base cruda noviembre'!A:B,2,0) -> 1979
A12: CXF01CUX02 No sé Estáticos | B12: =VLOOKUP(A12, 'base cruda noviembre'!A:B,2,0) -> 1146
A13: CXF01CUX03 Conforme Pushes | B13: =VLOOKUP(A13, 'base cruda noviembre'!A:B,2,0) -> 10
A14: CXF01CUX03 Inconforme Pushes | B14: -
A15: CXF01CUX03 Muy conforme Pushes | B15: =VLOOKUP(A15, 'base cruda noviembre'!A:B,2,0) -> 18
A16: CXF01CUX03 Muy inconforme Pushes | B16: =VLOOKUP(A16, 'base cruda noviembre'!A:B,2,0) -> 2
A17: CXF01CUX03 No sé Pushes | B17: =VLOOKUP(A17, 'base cruda noviembre'!A:B,2,0) -> 5
A19: Respuestas | C19: Satisfacción
A20: Positivas | B20: =SUM(B3,B5,B8,B10,B13,B15) -> 16421 | C20: =(B20/B22) -> 0.65652487
A21: Negativo | B21: =SUM(B4,B6,B7,B9,B11,B12,B14,B16,B17) -> 8591 | C21: =(B21/B22) -> 0.34347513
B22: =SUM(B20:B21) -> 25012
